Workbook

Sheet JAN
A1: REKOD PENDARATAN PENYU DAN KUTIPAN TELUR DI PULAU SATANG BESAR
A2: BULAN JANUARI 2026
C5: RAM LPP | E5: RAM SFC | G5: RAM LPP | I5: RAM SFC | K5: RAM LPP | M5: RAM SFC | O5: RAM LPP | Q5: RAM SFC
A6: Tarikh | B6: Penyu / Sarang | C6: Bilangan Penyu | E6: Bilangan Penyu | G6: Jumlah Telur Diram | I6: Jumlah Telur Diram | K6: Telur Menetas | M6: Telur Menetas | O6: Jumlah Telur Buruk | Q6: Jumlah Telur Buruk | S6: Jumlah Telur yang Dikeluarkan | T6: Catatan
C7: Bertag | D7: Tak Bertag | E7: Bertag | F7: Tak Bertag | G7: Bertag | H7: Tak Bertag | I7: Bertag | J7: Tak Bertag | K7: Bertag | L7: Tak Bertag | M7: Bertag | N7: Tak Bertag | O7: Bertag | P7: Tak Bertag | Q7: Bertag | R7: Tak Bertag
A8: 1 | B8: =SUM(C8+D8+E8+F8) | O8: =SUM(G8-K8) | P8: =SUM(H8-L8) | Q8: =SUM(I8-M8) | R8: =SUM(J8-N8)
A9: 2 | B9: =SUM(C9+D9+E9+F9) | O9: =SUM(G9-K9) | P9: =SUM(H9-L9) | Q9: =SUM(I9-M9) | R9: =SUM(J9-N9)
A10: 3 | B10: =SUM(C10+D10+E10+F10) | O10: =SUM(G10-K10) | P10: =SUM(H10-L10) | Q10: =SUM(I10-M10) | R10: =SUM(J10-N10)
A11: 4 | B11: =SUM(C11+D11+E11+F11) | O11: =SUM(G11-K11) | P11: =SUM(H11-L11) | Q11: =SUM(I11-M11) | R11: =SUM(J11-N11)
A12: 5 | B12: =SUM(C12+D12+E12+F12) | O12: =SUM(G12-K12) | P12: =SUM(H12-L12) | Q12: =SUM(I12-M12) | R12: =SUM(J12-N12)
A13: 6 | B13: =SUM(C13+D13+E13+F13) | O13: =SUM(G13-K13) | P13: =SUM(H13-L13) | Q13: =SUM(I13-M13) | R13: =SUM(J13-N13)
A14: 7 | B14: =SUM(C14+D14+E14+F14) | O14: =SUM(G14-K14) | P14: =SUM(H14-L14) | Q14: =SUM(I14-M14) | R14: =SUM(J14-N14)
A15: 8 | B15: =SUM(C15+D15+E15+F15) | O15: =SUM(G15-K15) | P15: =SUM(H15-L15) | Q15: =SUM(I15-M15) | R15: =SUM(J15-N15)
A16: 9 | B16: =SUM(C16+D16+E16+F16) | O16: =SUM(G16-K16) | P16: =SUM(H16-L16) | Q16: =SUM(I16-M16) | R16: =SUM(J16-N16)
A17: 10 | B17: =SUM(C17+D17+E17+F17) | O17: =SUM(G17-K17) | P17: =SUM(H17-L17) | Q17: =SUM(I17-M17) | R17: =SUM(J17-N17)
A18: 11 | B18: =SUM(C18+D18+E18+F18) | O18: =SUM(G18-K18) | P18: =SUM(H18-L18) | Q18: =SUM(I18-M18) | R18: =SUM(J18-N18)
A19: 12 | B19: =SUM(C19+D19+E19+F19) | O19: =SUM(G19-K19) | P19: =SUM(H19-L19) | Q19: =SUM(I19-M19) | R19: =SUM(J19-N19)
... A38: 31 | B38: =SUM(C38+D38+E38+F38) | O38: =SUM(G38-K38) | P38: =SUM(H38-L38) | Q38: =SUM(I38-M38) | R38: =SUM(J38-N38)
A39: JUMLAH | B39: =SUM(B8:B38) | C39: =SUM(C8:C38) | D39: =SUM(D8:D38) | E39: =SUM(E8:E38) | F39: =SUM(F8:F38) | G39: =SUM(G8:G38) | H39: =SUM(H8:H38) | I39: =SUM(I8:I38) | ... S39: =SUM(S8:S38)
A40: JUMLAH LPP DAN SFC | C40: =SUM(C39+D39) | E40: =SUM(E39+F39) | G40: =SUM(G39+H39) | I40: =SUM(I39+J39) | K40: =SUM(K39+L39) | M40: =SUM(M39+N39) | O40: =SUM(O39+P39) | Q40: =SUM(Q39+R39)
A41: JUMLAH | C41: =SUM(C40,E40) | G41: =SUM(G40,I40) | K41: =SUM(K40,M40) | O41: =SUM(O40,Q40)

Sheet FEB
A1: REKOD PENDARATAN PENYU DAN KUTIPAN TELUR DI PULAU SATANG BESAR
A2: BULAN FEBRUARI 2026
C5: RAM LPP | E5: RAM SFC | G5: RAM LPP | I5: RAM SFC | K5: RAM LPP | M5: RAM SFC | O5: RAM LPP | Q5: RAM SFC
A6: Tarikh | B6: Penyu / Sarang | C6: Bilangan Penyu | E6: Bilangan Penyu | G6: Jumlah Telur Diram | I6: Jumlah Telur Diram | K6: Telur Menetas | M6: Telur Menetas | O6: Jumlah Telur Buruk | Q6: Jumlah Telur Buruk | S6: Jumlah Telur yang Dikeluarkan | T6: Catatan
C7: Bertag | D7: Tak Bertag | E7: Bertag | F7: Tak Bertag | G7: Bertag | H7: Tak Bertag | I7: Bertag | J7: Tak Bertag | K7: Bertag | L7: Tak Bertag | M7: Bertag | N7: Tak Bertag | O7: Bertag | P7: Tak Bertag | Q7: Bertag | R7: Tak Bertag
A8: 1 | B8: =SUM(C8+D8+E8+F8) | O8: =SUM(G8-K8) | P8: =SUM(H8-L8) | Q8: =SUM(I8-M8) | R8: =SUM(J8-N8)
A9: 2 | B9: =SUM(C9+D9+E9+F9) | O9: =SUM(G9-K9) | P9: =SUM(H9-L9) | Q9: =SUM(I9-M9) | R9: =SUM(J9-N9)
A10: 3 | B10: =SUM(C10+D10+E10+F10) | O10: =SUM(G10-K10) | P10: =SUM(H10-L10) | Q10: =SUM(I10-M10) | R10: =SUM(J10-N10)
A11: 4 | B11: =SUM(C11+D11+E11+F11) | O11: =SUM(G11-K11) | P11: =SUM(H11-L11) | Q11: =SUM(I11-M11) | R11: =SUM(J11-N11)
A12: 5 | B12: =SUM(C12+D12+E12+F12) | O12: =SUM(G12-K12) | P12: =SUM(H12-L12) | Q12: =SUM(I12-M12) | R12: =SUM(J12-N12)
A13: 6 | B13: =SUM(C13+D13+E13+F13) | O13: =SUM(G13-K13) | P13: =SUM(H13-L13) | Q13: =SUM(I13-M13) | R13: =SUM(J13-N13)
A14: 7 | B14: =SUM(C14+D14+E14+F14) | O14: =SUM(G14-K14) | P14: =SUM(H14-L14) | Q14: =SUM(I14-M14) | R14: =SUM(J14-N14)
A15: 8 | B15: =SUM(C15+D15+E15+F15) | O15: =SUM(G15-K15) | P15: =SUM(H15-L15) | Q15: =SUM(I15-M15) | R15: =SUM(J15-N15)
A16: 9 | B16: =SUM(C16+D16+E16+F16) | O16: =SUM(G16-K16) | P16: =SUM(H16-L16) | Q16: =SUM(I16-M16) | R16: =SUM(J16-N16)
A17: 10 | B17: =SUM(C17+D17+E17+F17) | O17: =SUM(G17-K17) | P17: =SUM(H17-L17) | Q17: =SUM(I17-M17) | R17: =SUM(J17-N17)
A18: 11 | B18: =SUM(C18+D18+E18+F18) | O18: =SUM(G18-K18) | P18: =SUM(H18-L18) | Q18: =SUM(I18-M18) | R18: =SUM(J18-N18)
A19: 12 | B19: =SUM(C19+D19+E19+F19) | O19: =SUM(G19-K19) | P19: =SUM(H19-L19) | Q19: =SUM(I19-M19) | R19: =SUM(J19-N19)
... A38: 31 | B38: =SUM(C38+D38+E38+F38) | O38: =SUM(G38-K38) | P38: =SUM(H38-L38) | Q38: =SUM(I38-M38) | R38: =SUM(J38-N38)
A39: JUMLAH | B39: =SUM(B8:B38) | C39: =SUM(C8:C38) | D39: =SUM(D8:D38) | E39: =SUM(E8:E38) | F39: =SUM(F8:F38) | G39: =SUM(G8:G38) | H39: =SUM(H8:H38) | I39: =SUM(I8:I38) | ... S39: =SUM(S8:S38)
A40: JUMLAH BERTAG DAN TAK BERTAG | C40: =SUM(C39+D39) | E40: =SUM(E39+F39) | G40: =SUM(G39+H39) | I40: =SUM(I39+J39) | K40: =SUM(K39+L39) | M40: =SUM(M39+N39) | O40: =SUM(O39+P39) | Q40: =SUM(Q39+R39)
A41: JUMLAH | C41: =SUM(C40,E40) | G41: =SUM(G40,I40) | K41: =SUM(K40,M40) | O41: =SUM(O40,Q40)

Sheet MAC
A1: REKOD PENDARATAN PENYU DAN KUTIPAN TELUR DI PULAU SATANG BESAR
A2: BULAN MAC 2026
C5: RAM LPP | E5: RAM SFC | G5: RAM LPP | I5: RAM SFC | K5: RAM LPP | M5: RAM SFC | O5: RAM LPP | Q5: RAM SFC
A6: Tarikh | B6: Penyu / Sarang | C6: Bilangan Penyu | E6: Bilangan Penyu | G6: Jumlah Telur Diram | I6: Jumlah Telur Diram | K6: Telur Menetas | M6: Telur Menetas | O6: Jumlah Telur Buruk | Q6: Jumlah Telur Buruk | S6: Jumlah Telur yang Dikeluarkan | T6: Catatan
C7: Bertag | D7: Tak Bertag | E7: Bertag | F7: Tak Bertag | G7: Bertag | H7: Tak Bertag | I7: Bertag | J7: Tak Bertag | K7: Bertag | L7: Tak Bertag | M7: Bertag | N7: Tak Bertag | O7: Bertag | P7: Tak Bertag | Q7: Bertag | R7: Tak Bertag
A8: 1 | B8: =SUM(C8+D8+E8+F8) | O8: =SUM(G8-K8) | P8: =SUM(H8-L8) | Q8: =SUM(I8-M8) | R8: =SUM(J8-N8)
A9: 2 | B9: =SUM(C9+D9+E9+F9) | O9: =SUM(G9-K9) | P9: =SUM(H9-L9) | Q9: =SUM(I9-M9) | R9: =SUM(J9-N9)
A10: 3 | B10: =SUM(C10+D10+E10+F10) | O10: =SUM(G10-K10) | P10: =SUM(H10-L10) | Q10: =SUM(I10-M10) | R10: =SUM(J10-N10)
A11: 4 | B11: =SUM(C11+D11+E11+F11) | O11: =SUM(G11-K11) | P11: =SUM(H11-L11) | Q11: =SUM(I11-M11) | R11: =SUM(J11-N11)
A12: 5 | B12: =SUM(C12+D12+E12+F12) | O12: =SUM(G12-K12) | P12: =SUM(H12-L12) | Q12: =SUM(I12-M12) | R12: =SUM(J12-N12)
A13: 6 | B13: =SUM(C13+D13+E13+F13) | O13: =SUM(G13-K13) | P13: =SUM(H13-L13) | Q13: =SUM(I13-M13) | R13: =SUM(J13-N13)
A14: 7 | B14: =SUM(C14+D14+E14+F14) | O14: =SUM(G14-K14) | P14: =SUM(H14-L14) | Q14: =SUM(I14-M14) | R14: =SUM(J14-N14)
A15: 8 | B15: =SUM(C15+D15+E15+F15) | O15: =SUM(G15-K15) | P15: =SUM(H15-L15) | Q15: =SUM(I15-M15) | R15: =SUM(J15-N15)
A16: 9 | B16: =SUM(C16+D16+E16+F16) | O16: =SUM(G16-K16) | P16: =SUM(H16-L16) | Q16: =SUM(I16-M16) | R16: =SUM(J16-N16)
A17: 10 | B17: =SUM(C17+D17+E17+F17) | O17: =SUM(G17-K17) | P17: =SUM(H17-L17) | Q17: =SUM(I17-M17) | R17: =SUM(J17-N17)
A18: 11 | B18: =SUM(C18+D18+E18+F18) | O18: =SUM(G18-K18) | P18: =SUM(H18-L18) | Q18: =SUM(I18-M18) | R18: =SUM(J18-N18)
A19: 12 | B19: =SUM(C19+D19+E19+F19) | O19: =SUM(G19-K19) | P19: =SUM(H19-L19) | Q19: =SUM(I19-M19) | R19: =SUM(J19-N19)
... A38: 31 | B38: =SUM(C38+D38+E38+F38) | O38: =SUM(G38-K38) | P38: =SUM(H38-L38) | Q38: =SUM(I38-M38) | R38: =SUM(J38-N38)
A39: JUMLAH | B39: =SUM(B8:B38) | C39: =SUM(C8:C38) | D39: =SUM(D8:D38) | E39: =SUM(E8:E38) | F39: =SUM(F8:F38) | G39: =SUM(G8:G38) | H39: =SUM(H8:H38) | I39: =SUM(I8:I38) | ... S39: =SUM(S8:S38)
A40: JUMLAH BERTAG DAN TAK BERTAG | C40: =SUM(C39+D39) | E40: =SUM(E39+F39) | G40: =SUM(G39+H39) | I40: =SUM(I39+J39) | K40: =SUM(K39+L39) | M40: =SUM(M39+N39) | O40: =SUM(O39+P39) | Q40: =SUM(Q39+R39)
A41: JUMLAH | C41: =SUM(C40,E40) | G41: =SUM(G40,I40) | K41: =SUM(K40,M40) | O41: =SUM(O40,Q40)

Sheet APRIL
A1: REKOD PENDARATAN PENYU DAN KUTIPAN TELUR DI PULAU SATANG BESAR
A2: BULAN APRIL 2026
C5: RAM LPP | E5: RAM SFC | G5: RAM LPP | I5: RAM SFC | K5: RAM LPP | M5: RAM SFC | O5: RAM LPP | Q5: RAM SFC
A6: Tarikh | B6: Penyu / Sarang | C6: Bilangan Penyu | E6: Bilangan Penyu | G6: Jumlah Telur Diram | I6: Jumlah Telur Diram | K6: Telur Menetas | M6: Telur Menetas | O6: Jumlah Telur Buruk | Q6: Jumlah Telur Buruk | S6: Jumlah Telur yang Dikeluarkan | T6: Catatan
C7: Bertag | D7: Tak Bertag | E7: Bertag | F7: Tak Bertag | G7: Bertag | H7: Tak Bertag | I7: Bertag | J7: Tak Bertag | K7: Bertag | L7: Tak Bertag | M7: Bertag | N7: Tak Bertag | O7: Bertag | P7: Tak Bertag | Q7: Bertag | R7: Tak Bertag
A8: 1 | B8: =SUM(C8+D8+E8+F8) | O8: =SUM(G8-K8) | P8: =SUM(H8-L8) | Q8: =SUM(I8-M8) | R8: =SUM(J8-N8)
A9: 2 | B9: =SUM(C9+D9+E9+F9) | O9: =SUM(G9-K9) | P9: =SUM(H9-L9) | Q9: =SUM(I9-M9) | R9: =SUM(J9-N9)
A10: 3 | B10: =SUM(C10+D10+E10+F10) | O10: =SUM(G10-K10) | P10: =SUM(H10-L10) | Q10: =SUM(I10-M10) | R10: =SUM(J10-N10)
A11: 4 | B11: =SUM(C11+D11+E11+F11) | O11: =SUM(G11-K11) | P11: =SUM(H11-L11) | Q11: =SUM(I11-M11) | R11: =SUM(J11-N11)
A12: 5 | B12: =SUM(C12+D12+E12+F12) | O12: =SUM(G12-K12) | P12: =SUM(H12-L12) | Q12: =SUM(I12-M12) | R12: =SUM(J12-N12)
A13: 6 | B13: =SUM(C13+D13+E13+F13) | O13: =SUM(G13-K13) | P13: =SUM(H13-L13) | Q13: =SUM(I13-M13) | R13: =SUM(J13-N13)
A14: 7 | B14: =SUM(C14+D14+E14+F14) | O14: =SUM(G14-K14) | P14: =SUM(H14-L14) | Q14: =SUM(I14-M14) | R14: =SUM(J14-N14)
A15: 8 | B15: =SUM(C15+D15+E15+F15) | O15: =SUM(G15-K15) | P15: =SUM(H15-L15) | Q15: =SUM(I15-M15) | R15: =SUM(J15-N15)
A16: 9 | B16: =SUM(C16+D16+E16+F16) | O16: =SUM(G16-K16) | P16: =SUM(H16-L16) | Q16: =SUM(I16-M16) | R16: =SUM(J16-N16)
A17: 10 | B17: =SUM(C17+D17+E17+F17) | O17: =SUM(G17-K17) | P17: =SUM(H17-L17) | Q17: =SUM(I17-M17) | R17: =SUM(J17-N17)
A18: 11 | B18: =SUM(C18+D18+E18+F18) | O18: =SUM(G18-K18) | P18: =SUM(H18-L18) | Q18: =SUM(I18-M18) | R18: =SUM(J18-N18)
A19: 12 | B19: =SUM(C19+D19+E19+F19) | O19: =SUM(G19-K19) | P19: =SUM(H19-L19) | Q19: =SUM(I19-M19) | R19: =SUM(J19-N19)
... A38: 31 | B38: =SUM(C38+D38+E38+F38) | O38: =SUM(G38-K38) | P38: =SUM(H38-L38) | Q38: =SUM(I38-M38) | R38: =SUM(J38-N38)
A39: JUMLAH | B39: =SUM(B8:B38) | C39: =SUM(C8:C38) | D39: =SUM(D8:D38) | E39: =SUM(E8:E38) | F39: =SUM(F8:F38) | G39: =SUM(G8:G38) | H39: =SUM(H8:H38) | I39: =SUM(I8:I38) | ... S39: =SUM(S8:S38)
A40: JUMLAH BERTAG DAN TAK BERTAG | C40: =SUM(C39+D39) | E40: =SUM(E39+F39) | G40: =SUM(G39+H39) | I40: =SUM(I39+J39) | K40: =SUM(K39+L39) | M40: =SUM(M39+N39) | O40: =SUM(O39+P39) | Q40: =SUM(Q39+R39)
A41: JUMLAH | C41: =SUM(C40,E40) | G41: =SUM(G40,I40) | K41: =SUM(K40,M40) | O41: =SUM(O40,Q40)

Sheet MEI
A1: REKOD PENDARATAN PENYU DAN KUTIPAN TELUR DI PULAU SATANG BESAR
A2: BULAN MEI 2026
C5: RAM LPP | E5: RAM SFC | G5: RAM LPP | I5: RAM SFC | K5: RAM LPP | M5: RAM SFC | O5: RAM LPP | Q5: RAM SFC
A6: Tarikh | B6: Penyu / Sarang | C6: Bilangan Penyu | E6: Bilangan Penyu | G6: Jumlah Telur Diram | I6: Jumlah Telur Diram | K6: Telur Menetas | M6: Telur Menetas | O6: Jumlah Telur Buruk | Q6: Jumlah Telur Buruk | S6: Jumlah Telur yang Dikeluarkan | T6: Catatan
C7: Bertag | D7: Tak Bertag | E7: Bertag | F7: Tak Bertag | G7: Bertag | H7: Tak Bertag | I7: Bertag | J7: Tak Bertag | K7: Bertag | L7: Tak Bertag | M7: Bertag | N7: Tak Bertag | O7: Bertag | P7: Tak Bertag | Q7: Bertag | R7: Tak Bertag
A8: 1 | B8: =SUM(C8+D8+E8+F8) | O8: =SUM(G8-K8) | P8: =SUM(H8-L8) | Q8: =SUM(I8-M8) | R8: =SUM(J8-N8)
A9: 2 | B9: =SUM(C9+D9+E9+F9) | O9: =SUM(G9-K9) | P9: =SUM(H9-L9) | Q9: =SUM(I9-M9) | R9: =SUM(J9-N9)
A10: 3 | B10: =SUM(C10+D10+E10+F10) | O10: =SUM(G10-K10) | P10: =SUM(H10-L10) | Q10: =SUM(I10-M10) | R10: =SUM(J10-N10)
A11: 4 | B11: =SUM(C11+D11+E11+F11) | O11: =SUM(G11-K11) | P11: =SUM(H11-L11) | Q11: =SUM(I11-M11) | R11: =SUM(J11-N11)
A12: 5 | B12: =SUM(C12+D12+E12+F12) | O12: =SUM(G12-K12) | P12: =SUM(H12-L12) | Q12: =SUM(I12-M12) | R12: =SUM(J12-N12)
A13: 6 | B13: =SUM(C13+D13+E13+F13) | O13: =SUM(G13-K13) | P13: =SUM(H13-L13) | Q13: =SUM(I13-M13) | R13: =SUM(J13-N13)
A14: 7 | B14: =SUM(C14+D14+E14+F14) | O14: =SUM(G14-K14) | P14: =SUM(H14-L14) | Q14: =SUM(I14-M14) | R14: =SUM(J14-N14)
A15: 8 | B15: =SUM(C15+D15+E15+F15) | O15: =SUM(G15-K15) | P15: =SUM(H15-L15) | Q15: =SUM(I15-M15) | R15: =SUM(J15-N15)
A16: 9 | B16: =SUM(C16+D16+E16+F16) | O16: =SUM(G16-K16) | P16: =SUM(H16-L16) | Q16: =SUM(I16-M16) | R16: =SUM(J16-N16)
A17: 10 | B17: =SUM(C17+D17+E17+F17) | O17: =SUM(G17-K17) | P17: =SUM(H17-L17) | Q17: =SUM(I17-M17) | R17: =SUM(J17-N17)
A18: 11 | B18: =SUM(C18+D18+E18+F18) | O18: =SUM(G18-K18) | P18: =SUM(H18-L18) | Q18: =SUM(I18-M18) | R18: =SUM(J18-N18)
A19: 12 | B19: =SUM(C19+D19+E19+F19) | O19: =SUM(G19-K19) | P19: =SUM(H19-L19) | Q19: =SUM(I19-M19) | R19: =SUM(J19-N19)
... A38: 31 | B38: =SUM(C38+D38+E38+F38) | O38: =SUM(G38-K38) | P38: =SUM(H38-L38) | Q38: =SUM(I38-M38) | R38: =SUM(J38-N38)
A39: JUMLAH | B39: =SUM(B8:B38) | C39: =SUM(C8:C38) | D39: =SUM(D8:D38) | E39: =SUM(E8:E38) | F39: =SUM(F8:F38) | G39: =SUM(G8:G38) | H39: =SUM(H8:H38) | I39: =SUM(I8:I38) | ... S39: =SUM(S8:S38)
A40: JUMLAH BERTAG DAN TAK BERTAG | C40: =SUM(C39+D39) | E40: =SUM(E39+F39) | G40: =SUM(G39+H39) | I40: =SUM(I39+J39) | K40: =SUM(K39+L39) | M40: =SUM(M39+N39) | O40: =SUM(O39+P39) | Q40: =SUM(Q39+R39)
A41: JUMLAH | C41: =SUM(C40,E40) | G41: =SUM(G40,I40) | K41: =SUM(K40,M40) | O41: =SUM(O40,Q40)

Sheet JUN
A1: REKOD PENDARATAN PENYU DAN KUTIPAN TELUR DI PULAU SATANG BESAR
A2: BULAN JUN 2026
C5: RAM LPP | E5: RAM SFC | G5: RAM LPP | I5: RAM SFC | K5: RAM LPP | M5: RAM SFC | O5: RAM LPP | Q5: RAM SFC
A6: Tarikh | B6: Penyu / Sarang | C6: Bilangan Penyu | E6: Bilangan Penyu | G6: Jumlah Telur Diram | I6: Jumlah Telur Diram | K6: Telur Menetas | M6: Telur Menetas | O6: Jumlah Telur Buruk | Q6: Jumlah Telur Buruk | S6: Jumlah Telur yang Dikeluarkan | T6: Catatan
C7: Bertag | D7: Tak Bertag | E7: Bertag | F7: Tak Bertag | G7: Bertag | H7: Tak Bertag | I7: Bertag | J7: Tak Bertag | K7: Bertag | L7: Tak Bertag | M7: Bertag | N7: Tak Bertag | O7: Bertag | P7: Tak Bertag | Q7: Bertag | R7: Tak Bertag
A8: 1 | B8: =SUM(C8+D8+E8+F8) | O8: =SUM(G8-K8) | P8: =SUM(H8-L8) | Q8: =SUM(I8-M8) | R8: =SUM(J8-N8)
A9: 2 | B9: =SUM(C9+D9+E9+F9) | O9: =SUM(G9-K9) | P9: =SUM(H9-L9) | Q9: =SUM(I9-M9) | R9: =SUM(J9-N9)
A10: 3 | B10: =SUM(C10+D10+E10+F10) | O10: =SUM(G10-K10) | P10: =SUM(H10-L10) | Q10: =SUM(I10-M10) | R10: =SUM(J10-N10)
A11: 4 | B11: =SUM(C11+D11+E11+F11) | O11: =SUM(G11-K11) | P11: =SUM(H11-L11) | Q11: =SUM(I11-M11) | R11: =SUM(J11-N11)
A12: 5 | B12: =SUM(C12+D12+E12+F12) | O12: =SUM(G12-K12) | P12: =SUM(H12-L12) | Q12: =SUM(I12-M12) | R12: =SUM(J12-N12)
A13: 6 | B13: =SUM(C13+D13+E13+F13) | O13: =SUM(G13-K13) | P13: =SUM(H13-L13) | Q13: =SUM(I13-M13) | R13: =SUM(J13-N13)
A14: 7 | B14: =SUM(C14+D14+E14+F14) | O14: =SUM(G14-K14) | P14: =SUM(H14-L14) | Q14: =SUM(I14-M14) | R14: =SUM(J14-N14)
A15: 8 | B15: =SUM(C15+D15+E15+F15) | O15: =SUM(G15-K15) | P15: =SUM(H15-L15) | Q15: =SUM(I15-M15) | R15: =SUM(J15-N15)
A16: 9 | B16: =SUM(C16+D16+E16+F16) | O16: =SUM(G16-K16) | P16: =SUM(H16-L16) | Q16: =SUM(I16-M16) | R16: =SUM(J16-N16)
A17: 10 | B17: =SUM(C17+D17+E17+F17) | O17: =SUM(G17-K17) | P17: =SUM(H17-L17) | Q17: =SUM(I17-M17) | R17: =SUM(J17-N17)
A18: 11 | B18: =SUM(C18+D18+E18+F18) | O18: =SUM(G18-K18) | P18: =SUM(H18-L18) | Q18: =SUM(I18-M18) | R18: =SUM(J18-N18)
A19: 12 | B19: =SUM(C19+D19+E19+F19) | O19: =SUM(G19-K19) | P19: =SUM(H19-L19) | Q19: =SUM(I19-M19) | R19: =SUM(J19-N19)
... A38: 31 | B38: =SUM(C38+D38+E38+F38) | O38: =SUM(G38-K38) | P38: =SUM(H38-L38) | Q38: =SUM(I38-M38) | R38: =SUM(J38-N38)
A39: JUMLAH | B39: =SUM(B8:B38) | C39: =SUM(C8:C38) | D39: =SUM(D8:D38) | E39: =SUM(E8:E38) | F39: =SUM(F8:F38) | G39: =SUM(G8:G38) | H39: =SUM(H8:H38) | I39: =SUM(I8:I38) | ... S39: =SUM(S8:S38)
A40: JUMLAH BERTAG DAN TAK BERTAG | C40: =SUM(C39+D39) | E40: =SUM(E39+F39) | G40: =SUM(G39+H39) | I40: =SUM(I39+J39) | K40: =SUM(K39+L39) | M40: =SUM(M39+N39) | O40: =SUM(O39+P39) | Q40: =SUM(Q39+R39)
A41: JUMLAH | C41: =SUM(C40,E40) | G41: =SUM(G40,I40) | K41: =SUM(K40,M40) | O41: =SUM(O40,Q40)

Sheet JULAI
A1: REKOD PENDARATAN PENYU DAN KUTIPAN TELUR DI PULAU SATANG BESAR
A2: BULAN JULAI 2026
C5: RAM LPP | E5: RAM SFC | G5: RAM LPP | I5: RAM SFC | K5: RAM LPP | M5: RAM SFC | O5: RAM LPP | Q5: RAM SFC
A6: Tarikh | B6: Penyu / Sarang | C6: Bilangan Penyu | E6: Bilangan Penyu | G6: Jumlah Telur Diram | I6: Jumlah Telur Diram | K6: Telur Menetas | M6: Telur Menetas | O6: Jumlah Telur Buruk | Q6: Jumlah Telur Buruk | S6: Jumlah Telur yang Dikeluarkan | T6: Catatan
C7: Bertag | D7: Tak Bertag | E7: Bertag | F7: Tak Bertag | G7: Bertag | H7: Tak Bertag | I7: Bertag | J7: Tak Bertag | K7: Bertag | L7: Tak Bertag | M7: Bertag | N7: Tak Bertag | O7: Bertag | P7: Tak Bertag | Q7: Bertag | R7: Tak Bertag
A8: 1 | B8: =SUM(C8+D8+E8+F8) | O8: =SUM(G8-K8) | P8: =SUM(H8-L8) | Q8: =SUM(I8-M8) | R8: =SUM(J8-N8)
A9: 2 | B9: =SUM(C9+D9+E9+F9) | O9: =SUM(G9-K9) | P9: =SUM(H9-L9) | Q9: =SUM(I9-M9) | R9: =SUM(J9-N9)
A10: 3 | B10: =SUM(C10+D10+E10+F10) | O10: =SUM(G10-K10) | P10: =SUM(H10-L10) | Q10: =SUM(I10-M10) | R10: =SUM(J10-N10)
A11: 4 | B11: =SUM(C11+D11+E11+F11) | O11: =SUM(G11-K11) | P11: =SUM(H11-L11) | Q11: =SUM(I11-M11) | R11: =SUM(J11-N11)
A12: 5 | B12: =SUM(C12+D12+E12+F12) | O12: =SUM(G12-K12) | P12: =SUM(H12-L12) | Q12: =SUM(I12-M12) | R12: =SUM(J12-N12)
A13: 6 | B13: =SUM(C13+D13+E13+F13) | O13: =SUM(G13-K13) | P13: =SUM(H13-L13) | Q13: =SUM(I13-M13) | R13: =SUM(J13-N13)
A14: 7 | B14: =SUM(C14+D14+E14+F14) | O14: =SUM(G14-K14) | P14: =SUM(H14-L14) | Q14: =SUM(I14-M14) | R14: =SUM(J14-N14)
A15: 8 | B15: =SUM(C15+D15+E15+F15) | O15: =SUM(G15-K15) | P15: =SUM(H15-L15) | Q15: =SUM(I15-M15) | R15: =SUM(J15-N15)
A16: 9 | B16: =SUM(C16+D16+E16+F16) | O16: =SUM(G16-K16) | P16: =SUM(H16-L16) | Q16: =SUM(I16-M16) | R16: =SUM(J16-N16)
A17: 10 | B17: =SUM(C17+D17+E17+F17) | O17: =SUM(G17-K17) | P17: =SUM(H17-L17) | Q17: =SUM(I17-M17) | R17: =SUM(J17-N17)
A18: 11 | B18: =SUM(C18+D18+E18+F18) | O18: =SUM(G18-K18) | P18: =SUM(H18-L18) | Q18: =SUM(I18-M18) | R18: =SUM(J18-N18)
A19: 12 | B19: =SUM(C19+D19+E19+F19) | O19: =SUM(G19-K19) | P19: =SUM(H19-L19) | Q19: =SUM(I19-M19) | R19: =SUM(J19-N19)
... A38: 31 | B38: =SUM(C38+D38+E38+F38) | O38: =SUM(G38-K38) | P38: =SUM(H38-L38) | Q38: =SUM(I38-M38) | R38: =SUM(J38-N38)
A39: JUMLAH | B39: =SUM(B8:B38) | C39: =SUM(C8:C38) | D39: =SUM(D8:D38) | E39: =SUM(E8:E38) | F39: =SUM(F8:F38) | G39: =SUM(G8:G38) | H39: =SUM(H8:H38) | I39: =SUM(I8:I38) | ... S39: =SUM(S8:S38)
A40: JUMLAH BERTAG DAN TAK BERTAG | C40: =SUM(C39+D39) | E40: =SUM(E39+F39) | G40: =SUM(G39+H39) | I40: =SUM(I39+J39) | K40: =SUM(K39+L39) | M40: =SUM(M39+N39) | O40: =SUM(O39+P39) | Q40: =SUM(Q39+R39)
A41: JUMLAH | C41: =SUM(C40,E40) | G41: =SUM(G40,I40) | K41: =SUM(K40,M40) | O41: =SUM(O40,Q40)

Sheet OGOS
A1: REKOD PENDARATAN PENYU DAN KUTIPAN TELUR DI PULAU SATANG BESAR
A2: BULAN OGOS 2026
C5: RAM LPP | E5: RAM SFC | G5: RAM LPP | I5: RAM SFC | K5: RAM LPP | M5: RAM SFC | O5: RAM LPP | Q5: RAM SFC
A6: Tarikh | B6: Penyu / Sarang | C6: Bilangan Penyu | E6: Bilangan Penyu | G6: Jumlah Telur Diram | I6: Jumlah Telur Diram | K6: Telur Menetas | M6: Telur Menetas | O6: Jumlah Telur Buruk | Q6: Jumlah Telur Buruk | S6: Jumlah Telur yang Dikeluarkan | T6: Catatan
C7: Bertag | D7: Tak Bertag | E7: Bertag | F7: Tak Bertag | G7: Bertag | H7: Tak Bertag | I7: Bertag | J7: Tak Bertag | K7: Bertag | L7: Tak Bertag | M7: Bertag | N7: Tak Bertag | O7: Bertag | P7: Tak Bertag | Q7: Bertag | R7: Tak Bertag
A8: 1 | B8: =SUM(C8+D8+E8+F8) | O8: =SUM(G8-K8) | P8: =SUM(H8-L8) | Q8: =SUM(I8-M8) | R8: =SUM(J8-N8)
A9: 2 | B9: =SUM(C9+D9+E9+F9) | O9: =SUM(G9-K9) | P9: =SUM(H9-L9) | Q9: =SUM(I9-M9) | R9: =SUM(J9-N9)
A10: 3 | B10: =SUM(C10+D10+E10+F10) | O10: =SUM(G10-K10) | P10: =SUM(H10-L10) | Q10: =SUM(I10-M10) | R10: =SUM(J10-N10)
A11: 4 | B11: =SUM(C11+D11+E11+F11) | O11: =SUM(G11-K11) | P11: =SUM(H11-L11) | Q11: =SUM(I11-M11) | R11: =SUM(J11-N11)
A12: 5 | B12: =SUM(C12+D12+E12+F12) | O12: =SUM(G12-K12) | P12: =SUM(H12-L12) | Q12: =SUM(I12-M12) | R12: =SUM(J12-N12)
A13: 6 | B13: =SUM(C13+D13+E13+F13) | O13: =SUM(G13-K13) | P13: =SUM(H13-L13) | Q13: =SUM(I13-M13) | R13: =SUM(J13-N13)
A14: 7 | B14: =SUM(C14+D14+E14+F14) | O14: =SUM(G14-K14) | P14: =SUM(H14-L14) | Q14: =SUM(I14-M14) | R14: =SUM(J14-N14)
A15: 8 | B15: =SUM(C15+D15+E15+F15) | O15: =SUM(G15-K15) | P15: =SUM(H15-L15) | Q15: =SUM(I15-M15) | R15: =SUM(J15-N15)
A16: 9 | B16: =SUM(C16+D16+E16+F16) | O16: =SUM(G16-K16) | P16: =SUM(H16-L16) | Q16: =SUM(I16-M16) | R16: =SUM(J16-N16)
A17: 10 | B17: =SUM(C17+D17+E17+F17) | O17: =SUM(G17-K17) | P17: =SUM(H17-L17) | Q17: =SUM(I17-M17) | R17: =SUM(J17-N17)
A18: 11 | B18: =SUM(C18+D18+E18+F18) | O18: =SUM(G18-K18) | P18: =SUM(H18-L18) | Q18: =SUM(I18-M18) | R18: =SUM(J18-N18)
A19: 12 | B19: =SUM(C19+D19+E19+F19) | O19: =SUM(G19-K19) | P19: =SUM(H19-L19) | Q19: =SUM(I19-M19) | R19: =SUM(J19-N19)
... A38: 31 | B38: =SUM(C38+D38+E38+F38) | O38: =SUM(G38-K38) | P38: =SUM(H38-L38) | Q38: =SUM(I38-M38) | R38: =SUM(J38-N38)
A39: JUMLAH | B39: =SUM(B8:B38) | C39: =SUM(C8:C38) | D39: =SUM(D8:D38) | E39: =SUM(E8:E38) | F39: =SUM(F8:F38) | G39: =SUM(G8:G38) | H39: =SUM(H8:H38) | I39: =SUM(I8:I38) | ... S39: =SUM(S8:S38)
A40: JUMLAH BERTAG DAN TAK BERTAG | C40: =SUM(C39+D39) | E40: =SUM(E39+F39) | G40: =SUM(G39+H39) | I40: =SUM(I39+J39) | K40: =SUM(K39+L39) | M40: =SUM(M39+N39) | O40: =SUM(O39+P39) | Q40: =SUM(Q39+R39)
A41: JUMLAH | C41: =SUM(C40,E40) | G41: =SUM(G40,I40) | K41: =SUM(K40,M40) | O41: =SUM(O40,Q40)

Sheet SEPT
A1: REKOD PENDARATAN PENYU DAN KUTIPAN TELUR DI PULAU SATANG BESAR
A2: BULAN SEPTEMBER 2026
C5: RAM LPP | E5: RAM SFC | G5: RAM LPP | I5: RAM SFC | K5: RAM LPP | M5: RAM SFC | O5: RAM LPP | Q5: RAM SFC
A6: Tarikh | B6: Penyu / Sarang | C6: Bilangan Penyu | E6: Bilangan Penyu | G6: Jumlah Telur Diram | I6: Jumlah Telur Diram | K6: Telur Menetas | M6: Telur Menetas | O6: Jumlah Telur Buruk | Q6: Jumlah Telur Buruk | S6: Jumlah Telur yang Dikeluarkan | T6: Catatan
C7: Bertag | D7: Tak Bertag | E7: Bertag | F7: Tak Bertag | G7: Bertag | H7: Tak Bertag | I7: Bertag | J7: Tak Bertag | K7: Bertag | L7: Tak Bertag | M7: Bertag | N7: Tak Bertag | O7: Bertag | P7: Tak Bertag | Q7: Bertag | R7: Tak Bertag
A8: 1 | B8: =SUM(C8+D8+E8+F8) | O8: =SUM(G8-K8) | P8: =SUM(H8-L8) | Q8: =SUM(I8-M8) | R8: =SUM(J8-N8)
A9: 2 | B9: =SUM(C9+D9+E9+F9) | O9: =SUM(G9-K9) | P9: =SUM(H9-L9) | Q9: =SUM(I9-M9) | R9: =SUM(J9-N9)
A10: 3 | B10: =SUM(C10+D10+E10+F10) | O10: =SUM(G10-K10) | P10: =SUM(H10-L10) | Q10: =SUM(I10-M10) | R10: =SUM(J10-N10)
A11: 4 | B11: =SUM(C11+D11+E11+F11) | O11: =SUM(G11-K11) | P11: =SUM(H11-L11) | Q11: =SUM(I11-M11) | R11: =SUM(J11-N11)
A12: 5 | B12: =SUM(C12+D12+E12+F12) | O12: =SUM(G12-K12) | P12: =SUM(H12-L12) | Q12: =SUM(I12-M12) | R12: =SUM(J12-N12)
A13: 6 | B13: =SUM(C13+D13+E13+F13) | O13: =SUM(G13-K13) | P13: =SUM(H13-L13) | Q13: =SUM(I13-M13) | R13: =SUM(J13-N13)
A14: 7 | B14: =SUM(C14+D14+E14+F14) | O14: =SUM(G14-K14) | P14: =SUM(H14-L14) | Q14: =SUM(I14-M14) | R14: =SUM(J14-N14)
A15: 8 | B15: =SUM(C15+D15+E15+F15) | O15: =SUM(G15-K15) | P15: =SUM(H15-L15) | Q15: =SUM(I15-M15) | R15: =SUM(J15-N15)
A16: 9 | B16: =SUM(C16+D16+E16+F16) | O16: =SUM(G16-K16) | P16: =SUM(H16-L16) | Q16: =SUM(I16-M16) | R16: =SUM(J16-N16)
A17: 10 | B17: =SUM(C17+D17+E17+F17) | O17: =SUM(G17-K17) | P17: =SUM(H17-L17) | Q17: =SUM(I17-M17) | R17: =SUM(J17-N17)
A18: 11 | B18: =SUM(C18+D18+E18+F18) | O18: =SUM(G18-K18) | P18: =SUM(H18-L18) | Q18: =SUM(I18-M18) | R18: =SUM(J18-N18)
A19: 12 | B19: =SUM(C19+D19+E19+F19) | O19: =SUM(G19-K19) | P19: =SUM(H19-L19) | Q19: =SUM(I19-M19) | R19: =SUM(J19-N19)
... A38: 31 | B38: =SUM(C38+D38+E38+F38) | O38: =SUM(G38-K38) | P38: =SUM(H38-L38) | Q38: =SUM(I38-M38) | R38: =SUM(J38-N38)
A39: JUMLAH | B39: =SUM(B8:B38) | C39: =SUM(C8:C38) | D39: =SUM(D8:D38) | E39: =SUM(E8:E38) | F39: =SUM(F8:F38) | G39: =SUM(G8:G38) | H39: =SUM(H8:H38) | I39: =SUM(I8:I38) | ... S39: =SUM(S8:S38)
A40: JUMLAH BERTAG DAN TAK BERTAG | C40: =SUM(C39+D39) | E40: =SUM(E39+F39) | G40: =SUM(G39+H39) | I40: =SUM(I39+J39) | K40: =SUM(K39+L39) | M40: =SUM(M39+N39) | O40: =SUM(O39+P39) | Q40: =SUM(Q39+R39)
A41: JUMLAH | C41: =SUM(C40,E40) | G41: =SUM(G40,I40) | K41: =SUM(K40,M40) | O41: =SUM(O40,Q40)

Sheet OKTO
A1: REKOD PENDARATAN PENYU DAN KUTIPAN TELUR DI PULAU SATANG BESAR
A2: BULAN OKTOBER 2026
C5: RAM LPP | E5: RAM SFC | G5: RAM LPP | I5: RAM SFC | K5: RAM LPP | M5: RAM SFC | O5: RAM LPP | Q5: RAM SFC
A6: Tarikh | B6: Penyu / Sarang | C6: Bilangan Penyu | E6: Bilangan Penyu | G6: Jumlah Telur Diram | I6: Jumlah Telur Diram | K6: Telur Menetas | M6: Telur Menetas | O6: Jumlah Telur Buruk | Q6: Jumlah Telur Buruk | S6: Jumlah Telur yang Dikeluarkan | T6: Catatan
C7: Bertag | D7: Tak Bertag | E7: Bertag | F7: Tak Bertag | G7: Bertag | H7: Tak Bertag | I7: Bertag | J7: Tak Bertag | K7: Bertag | L7: Tak Bertag | M7: Bertag | N7: Tak Bertag | O7: Bertag | P7: Tak Bertag | Q7: Bertag | R7: Tak Bertag
A8: 1 | B8: =SUM(C8+D8+E8+F8) | O8: =SUM(G8-K8) | P8: =SUM(H8-L8) | Q8: =SUM(I8-M8) | R8: =SUM(J8-N8)
A9: 2 | B9: =SUM(C9+D9+E9+F9) | O9: =SUM(G9-K9) | P9: =SUM(H9-L9) | Q9: =SUM(I9-M9) | R9: =SUM(J9-N9)
A10: 3 | B10: =SUM(C10+D10+E10+F10) | O10: =SUM(G10-K10) | P10: =SUM(H10-L10) | Q10: =SUM(I10-M10) | R10: =SUM(J10-N10)
A11: 4 | B11: =SUM(C11+D11+E11+F11) | O11: =SUM(G11-K11) | P11: =SUM(H11-L11) | Q11: =SUM(I11-M11) | R11: =SUM(J11-N11)
A12: 5 | B12: =SUM(C12+D12+E12+F12) | O12: =SUM(G12-K12) | P12: =SUM(H12-L12) | Q12: =SUM(I12-M12) | R12: =SUM(J12-N12)
A13: 6 | B13: =SUM(C13+D13+E13+F13) | O13: =SUM(G13-K13) | P13: =SUM(H13-L13) | Q13: =SUM(I13-M13) | R13: =SUM(J13-N13)
A14: 7 | B14: =SUM(C14+D14+E14+F14) | O14: =SUM(G14-K14) | P14: =SUM(H14-L14) | Q14: =SUM(I14-M14) | R14: =SUM(J14-N14)
A15: 8 | B15: =SUM(C15+D15+E15+F15) | O15: =SUM(G15-K15) | P15: =SUM(H15-L15) | Q15: =SUM(I15-M15) | R15: =SUM(J15-N15)
A16: 9 | B16: =SUM(C16+D16+E16+F16) | O16: =SUM(G16-K16) | P16: =SUM(H16-L16) | Q16: =SUM(I16-M16) | R16: =SUM(J16-N16)
A17: 10 | B17: =SUM(C17+D17+E17+F17) | O17: =SUM(G17-K17) | P17: =SUM(H17-L17) | Q17: =SUM(I17-M17) | R17: =SUM(J17-N17)
A18: 11 | B18: =SUM(C18+D18+E18+F18) | O18: =SUM(G18-K18) | P18: =SUM(H18-L18) | Q18: =SUM(I18-M18) | R18: =SUM(J18-N18)
A19: 12 | B19: =SUM(C19+D19+E19+F19) | O19: =SUM(G19-K19) | P19: =SUM(H19-L19) | Q19: =SUM(I19-M19) | R19: =SUM(J19-N19)
... A38: 31 | B38: =SUM(C38+D38+E38+F38) | O38: =SUM(G38-K38) | P38: =SUM(H38-L38) | Q38: =SUM(I38-M38) | R38: =SUM(J38-N38)
A39: JUMLAH | B39: =SUM(B8:B38) | C39: =SUM(C8:C38) | D39: =SUM(D8:D38) | E39: =SUM(E8:E38) | F39: =SUM(F8:F38) | G39: =SUM(G8:G38) | H39: =SUM(H8:H38) | I39: =SUM(I8:I38) | ... S39: =SUM(S8:S38)
A40: JUMLAH BERTAG DAN TAK BERTAG | C40: =SUM(C39+D39) | E40: =SUM(E39+F39) | G40: =SUM(G39+H39) | I40: =SUM(I39+J39) | K40: =SUM(K39+L39) | M40: =SUM(M39+N39) | O40: =SUM(O39+P39) | Q40: =SUM(Q39+R39)
A41: JUMLAH | C41: =SUM(C40,E40) | G41: =SUM(G40,I40) | K41: =SUM(K40,M40) | O41: =SUM(O40,Q40)

Sheet NOV
A1: REKOD PENDARATAN PENYU DAN KUTIPAN TELUR DI PULAU SATANG BESAR
A2: BULAN NOVEMBER 2026
C5: RAM LPP | E5: RAM SFC | G5: RAM LPP | I5: RAM SFC | K5: RAM LPP | M5: RAM SFC | O5: RAM LPP | Q5: RAM SFC
A6: Tarikh | B6: Penyu / Sarang | C6: Bilangan Penyu | E6: Bilangan Penyu | G6: Jumlah Telur Diram | I6: Jumlah Telur Diram | K6: Telur Menetas | M6: Telur Menetas | O6: Jumlah Telur Buruk | Q6: Jumlah Telur Buruk | S6: Jumlah Telur yang Dikeluarkan | T6: Catatan
C7: Bertag | D7: Tak Bertag | E7: Bertag | F7: Tak Bertag | G7: Bertag | H7: Tak Bertag | I7: Bertag | J7: Tak Bertag | K7: Bertag | L7: Tak Bertag | M7: Bertag | N7: Tak Bertag | O7: Bertag | P7: Tak Bertag | Q7: Bertag | R7: Tak Bertag
A8: 1 | B8: =SUM(C8+D8+E8+F8) | O8: =SUM(G8-K8) | P8: =SUM(H8-L8) | Q8: =SUM(I8-M8) | R8: =SUM(J8-N8)
A9: 2 | B9: =SUM(C9+D9+E9+F9) | O9: =SUM(G9-K9) | P9: =SUM(H9-L9) | Q9: =SUM(I9-M9) | R9: =SUM(J9-N9)
A10: 3 | B10: =SUM(C10+D10+E10+F10) | O10: =SUM(G10-K10) | P10: =SUM(H10-L10) | Q10: =SUM(I10-M10) | R10: =SUM(J10-N10)
A11: 4 | B11: =SUM(C11+D11+E11+F11) | O11: =SUM(G11-K11) | P11: =SUM(H11-L11) | Q11: =SUM(I11-M11) | R11: =SUM(J11-N11)
A12: 5 | B12: =SUM(C12+D12+E12+F12) | O12: =SUM(G12-K12) | P12: =SUM(H12-L12) | Q12: =SUM(I12-M12) | R12: =SUM(J12-N12)
A13: 6 | B13: =SUM(C13+D13+E13+F13) | O13: =SUM(G13-K13) | P13: =SUM(H13-L13) | Q13: =SUM(I13-M13) | R13: =SUM(J13-N13)
A14: 7 | B14: =SUM(C14+D14+E14+F14) | O14: =SUM(G14-K14) | P14: =SUM(H14-L14) | Q14: =SUM(I14-M14) | R14: =SUM(J14-N14)
A15: 8 | B15: =SUM(C15+D15+E15+F15) | O15: =SUM(G15-K15) | P15: =SUM(H15-L15) | Q15: =SUM(I15-M15) | R15: =SUM(J15-N15)
A16: 9 | B16: =SUM(C16+D16+E16+F16) | O16: =SUM(G16-K16) | P16: =SUM(H16-L16) | Q16: =SUM(I16-M16) | R16: =SUM(J16-N16)
A17: 10 | B17: =SUM(C17+D17+E17+F17) | O17: =SUM(G17-K17) | P17: =SUM(H17-L17) | Q17: =SUM(I17-M17) | R17: =SUM(J17-N17)
A18: 11 | B18: =SUM(C18+D18+E18+F18) | O18: =SUM(G18-K18) | P18: =SUM(H18-L18) | Q18: =SUM(I18-M18) | R18: =SUM(J18-N18)
A19: 12 | B19: =SUM(C19+D19+E19+F19) | O19: =SUM(G19-K19) | P19: =SUM(H19-L19) | Q19: =SUM(I19-M19) | R19: =SUM(J19-N19)
... A38: 31 | B38: =SUM(C38+D38+E38+F38) | O38: =SUM(G38-K38) | P38: =SUM(H38-L38) | Q38: =SUM(I38-M38) | R38: =SUM(J38-N38)
A39: JUMLAH | B39: =SUM(B8:B38) | C39: =SUM(C8:C38) | D39: =SUM(D8:D38) | E39: =SUM(E8:E38) | F39: =SUM(F8:F38) | G39: =SUM(G8:G38) | H39: =SUM(H8:H38) | I39: =SUM(I8:I38) | ... S39: =SUM(S8:S38)
A40: JUMLAH BERTAG DAN TAK BERTAG | C40: =SUM(C39+D39) | E40: =SUM(E39+F39) | G40: =SUM(G39+H39) | I40: =SUM(I39+J39) | K40: =SUM(K39+L39) | M40: =SUM(M39+N39) | O40: =SUM(O39+P39) | Q40: =SUM(Q39+R39)
A41: JUMLAH | C41: =SUM(C40,E40) | G41: =SUM(G40,I40) | K41: =SUM(K40,M40) | O41: =SUM(O40,Q40)

Sheet DIS
A1: REKOD PENDARATAN PENYU DAN KUTIPAN TELUR DI PULAU SATANG BESAR
A2: BULAN DISEMBER 2026
C5: RAM LPP | E5: RAM SFC | G5: RAM LPP | I5: RAM SFC | K5: RAM LPP | M5: RAM SFC | O5: RAM LPP | Q5: RAM SFC
A6: Tarikh | B6: Penyu / Sarang | C6: Bilangan Penyu | E6: Bilangan Penyu | G6: Jumlah Telur Diram | I6: Jumlah Telur Diram | K6: Telur Menetas | M6: Telur Menetas | O6: Jumlah Telur Buruk | Q6: Jumlah Telur Buruk | S6: Jumlah Telur yang Dikeluarkan | T6: Catatan
C7: Bertag | D7: Tak Bertag | E7: Bertag | F7: Tak Bertag | G7: Bertag | H7: Tak Bertag | I7: Bertag | J7: Tak Bertag | K7: Bertag | L7: Tak Bertag | M7: Bertag | N7: Tak Bertag | O7: Bertag | P7: Tak Bertag | Q7: Bertag | R7: Tak Bertag
A8: 1 | B8: =SUM(C8+D8+E8+F8) | O8: =SUM(G8-K8) | P8: =SUM(H8-L8) | Q8: =SUM(I8-M8) | R8: =SUM(J8-N8)
A9: 2 | B9: =SUM(C9+D9+E9+F9) | O9: =SUM(G9-K9) | P9: =SUM(H9-L9) | Q9: =SUM(I9-M9) | R9: =SUM(J9-N9)
A10: 3 | B10: =SUM(C10+D10+E10+F10) | O10: =SUM(G10-K10) | P10: =SUM(H10-L10) | Q10: =SUM(I10-M10) | R10: =SUM(J10-N10)
A11: 4 | B11: =SUM(C11+D11+E11+F11) | O11: =SUM(G11-K11) | P11: =SUM(H11-L11) | Q11: =SUM(I11-M11) | R11: =SUM(J11-N11)
A12: 5 | B12: =SUM(C12+D12+E12+F12) | O12: =SUM(G12-K12) | P12: =SUM(H12-L12) | Q12: =SUM(I12-M12) | R12: =SUM(J12-N12)
A13: 6 | B13: =SUM(C13+D13+E13+F13) | O13: =SUM(G13-K13) | P13: =SUM(H13-L13) | Q13: =SUM(I13-M13) | R13: =SUM(J13-N13)
A14: 7 | B14: =SUM(C14+D14+E14+F14) | O14: =SUM(G14-K14) | P14: =SUM(H14-L14) | Q14: =SUM(I14-M14) | R14: =SUM(J14-N14)
A15: 8 | B15: =SUM(C15+D15+E15+F15) | O15: =SUM(G15-K15) | P15: =SUM(H15-L15) | Q15: =SUM(I15-M15) | R15: =SUM(J15-N15)
A16: 9 | B16: =SUM(C16+D16+E16+F16) | O16: =SUM(G16-K16) | P16: =SUM(H16-L16) | Q16: =SUM(I16-M16) | R16: =SUM(J16-N16)
A17: 10 | B17: =SUM(C17+D17+E17+F17) | O17: =SUM(G17-K17) | P17: =SUM(H17-L17) | Q17: =SUM(I17-M17) | R17: =SUM(J17-N17)
A18: 11 | B18: =SUM(C18+D18+E18+F18) | O18: =SUM(G18-K18) | P18: =SUM(H18-L18) | Q18: =SUM(I18-M18) | R18: =SUM(J18-N18)
A19: 12 | B19: =SUM(C19+D19+E19+F19) | O19: =SUM(G19-K19) | P19: =SUM(H19-L19) | Q19: =SUM(I19-M19) | R19: =SUM(J19-N19)
... A38: 31 | B38: =SUM(C38+D38+E38+F38) | O38: =SUM(G38-K38) | P38: =SUM(H38-L38) | Q38: =SUM(I38-M38) | R38: =SUM(J38-N38)
A39: JUMLAH | B39: =SUM(B8:B38) | C39: =SUM(C8:C38) | D39: =SUM(D8:D38) | E39: =SUM(E8:E38) | F39: =SUM(F8:F38) | G39: =SUM(G8:G38) | H39: =SUM(H8:H38) | I39: =SUM(I8:I38) | ... S39: =SUM(S8:S38)
A40: JUMLAH BERTAG DAN TAK BERTAG | C40: =SUM(C39+D39) | E40: =SUM(E39+F39) | G40: =SUM(G39+H39) | I40: =SUM(I39+J39) | K40: =SUM(K39+L39) | M40: =SUM(M39+N39) | O40: =SUM(O39+P39) | Q40: =SUM(Q39+R39)
A41: JUMLAH | C41: =SUM(C40,E40) | G41: =SUM(G40,I40) | K41: =SUM(K40,M40) | O41: =SUM(O40,Q40)

Sheet JUMLAH 2026
A1: JUMLAH KESELURUHAN PULAU SATANG BESAR TAHUN 2026
B6: LPP | D6: SFC | F6: LPP | H6: SFC | J6: LPP | L6: SFC | N6: LPP | P6: SFC
A7: BULAN | B7: Jumlah Telur Dikutip | D7: Jumlah Telur Dikutip | F7: Jumlah Telur Dikutip | H7: Jumlah Telur Dikutip | J7: Telur Menetas | L7: Telur Menetas | N7: Jumlah Telur Buruk | P7: Jumlah Telur Buruk | R7: Jumlah Telur yang Dikeluarkan | S7: Catatan
B8: Bertag | C8: Tidak Bertag | D8: Bertag | E8: Tidak Bertag | F8: Bertag | G8: Tidak Bertag | H8: Bertag | I8: Tidak Bertag | J8: Bertag | K8: Tidak Bertag | L8: Bertag | M8: Tidak Bertag | N8: Bertag | O8: Tidak Bertag | P8: Bertag | Q8: Tidak Bertag
A9: JAN | B9: =SUM(JAN!C39) | C9: =SUM(JAN!D39) | D9: =SUM(JAN!E39) | E9: =SUM(JAN!F39) | F9: =SUM(JAN!G39) | G9: =SUM(JAN!H39) | H9: =SUM(JAN!I39) | I9: =SUM(JAN!J39) | ... R9: =SUM(JAN!S39)
A10: FEB | B10: =SUM(FEB!C39) | C10: =SUM(FEB!D39) | D10: =SUM(FEB!E39) | E10: =SUM(FEB!F39) | F10: =SUM(FEB!G39) | G10: =SUM(FEB!H39) | H10: =SUM(FEB!I39) | I10: =SUM(FEB!J39) | ... R10: =SUM(FEB!S39)
A11: MAC | B11: =SUM(MAC!C39) | C11: =SUM(MAC!D39) | D11: =SUM(MAC!E39) | E11: =SUM(MAC!F39) | F11: =SUM(MAC!G39) | G11: =SUM(MAC!H39) | H11: =SUM(MAC!I39) | I11: =SUM(MAC!J39) | ... R11: =SUM(MAC!S39)
A12: APRIL | B12: =SUM(APRIL!C39) | C12: =SUM(APRIL!D39) | D12: =SUM(APRIL!E39) | E12: =SUM(APRIL!F39) | F12: =SUM(APRIL!G39) | G12: =SUM(APRIL!H39) | H12: =SUM(APRIL!I39) | I12: =SUM(APRIL!J39) | ... R12: =SUM(APRIL!S39)
A13: MEI | B13: =SUM(MEI!C39) | C13: =SUM(MEI!D39) | D13: =SUM(MEI!E39) | E13: =SUM(MEI!F39) | F13: =SUM(MEI!G39) | G13: =SUM(MEI!H39) | H13: =SUM(MEI!I39) | I13: =SUM(MEI!J39) | ... R13: =SUM(MEI!S39)
A14: JUN | B14: =SUM(JUN!C39) | C14: =SUM(JUN!D39) | D14: =SUM(JUN!E39) | E14: =SUM(JUN!F39) | F14: =SUM(JUN!G39) | G14: =SUM(JUN!H39) | H14: =SUM(JUN!I39) | I14: =SUM(JUN!J39) | ... R14: =SUM(JUN!S39)
A15: JULAI | B15: =SUM(JULAI!C39) | C15: =SUM(JULAI!D39) | D15: =SUM(JULAI!E39) | E15: =SUM(JULAI!F39) | F15: =SUM(JULAI!G39) | G15: =SUM(JULAI!H39) | H15: =SUM(JULAI!I39) | I15: =SUM(JULAI!J39) | ... R15: =SUM(JULAI!S39)
A16: OGOS | B16: =SUM(OGOS!C39) | C16: =SUM(OGOS!D39) | D16: =SUM(OGOS!E39) | E16: =SUM(OGOS!F39) | F16: =SUM(OGOS!G39) | G16: =SUM(OGOS!H39) | H16: =SUM(OGOS!I39) | I16: =SUM(OGOS!J39) | ... R16: =SUM(OGOS!S39)
A17: SEPT | B17: =SUM(SEPT!C39) | C17: =SUM(SEPT!D39) | D17: =SUM(SEPT!E39) | E17: =SUM(SEPT!F39) | F17: =SUM(SEPT!G39) | G17: =SUM(SEPT!H39) | H17: =SUM(SEPT!I39) | I17: =SUM(SEPT!J39) | ... R17: =SUM(SEPT!S39)
A18: OKTO | B18: =SUM(OKTO!C39) | C18: =SUM(OKTO!D39) | D18: =SUM(OKTO!E39) | E18: =SUM(OKTO!F39) | F18: =SUM(OKTO!G39) | G18: =SUM(OKTO!H39) | H18: =SUM(OKTO!I39) | I18: =SUM(OKTO!J39) | ... R18: =SUM(OKTO!S39)
A19: NOV | B19: =SUM(NOV!C39) | C19: =SUM(NOV!D39) | D19: =SUM(NOV!E39) | E19: =SUM(NOV!F39) | F19: =SUM(NOV!G39) | G19: =SUM(NOV!H39) | H19: =SUM(NOV!I39) | I19: =SUM(NOV!J39) | ... R19: =SUM(NOV!S39)
A20: DIS | B20: =SUM(DIS!C39) | C20: =SUM(DIS!D39) | D20: =SUM(DIS!E39) | E20: =SUM(DIS!F39) | F20: =SUM(DIS!G39) | G20: =SUM(DIS!H39) | H20: =SUM(DIS!I39) | I20: =SUM(DIS!J39) | ... R20: =SUM(DIS!S39)
A21: JUMLAH | B21: =SUM(B9:B20) | C21: =SUM(C9:C20) | D21: =SUM(D9:D20) | E21: =SUM(E9:E20) | F21: =SUM(F9:F20) | G21: =SUM(G9:G20) | H21: =SUM(H9:H20) | I21: =SUM(I9:I20) | ... R21: =SUM(R9:R20)
A22: JUMLAH BERTAG DAN TIDAK BERTAG | B22: =SUM(B21+C21) | D22: =SUM(D21+E21) | F22: =SUM(F21+G21) | H22: =SUM(H21+I21) | J22: =SUM(J21+K21) | L22: =SUM(L21+M21) | N22: =SUM(N21+O21) | P22: =SUM(P21+Q21)
